url,emails,phones
http://verdecora.es/,[],[]
http://lacasadelascarcasas.es/,['su@email.com'],"['9999999', '77751367', '927170287', '72132024']"
http://www.aldajoyeros.com/,[],[]
http://www.nutrimarket.com/,['att.clientes@indiex.es'],"['790315011', '644526451']"
http://www.bullpadel.com/,[],[]
http://www.masmusculo.com/,['info@masmusculo.com'],"['910609655', '01837534475', '0012261', '0694805914', '642606259']"
http://www.zapatosvas.com/,['clientes@zapatosvas.com'],['931695073909']
http://www.tiendashoke.es/,"['contact@avis-verifies.com', 'info@tiendashoke.es']","['94814671', '6770587']"
http://www.ahorrototal.com/,"['atencionalcliente@ahorrototal.com', 'tiendaonline@ahorrototal.com']",['967089468']
http://frutascharito.es/,['info@frutascharito.es'],"['96610169492', '043800991592', '914571625']"
http://www.coosy.es/,[],"['913260506', '94073459']"
